Student_ID,Branch,Python_Score,SQL_Score,Aptitude_Score,Communication_Score,Projects_Completed,Mock_Interviews_Attended,Total_Skill,Average_Score,Weakest_Skill,Readiness_Score,Readiness_Band
S0001,ECE,56,44,74,41,5,3,215,53.75,41,66.75,Almost Ready
S0002,CSE,57,40,43,32,2,2,172,43.0,32,49.0,Not Ready
S0003,ECE,77,70,80,52,3,4,279,69.75,52,79.75,Not Ready
S0004,ECE,60,82,79,42,2,3,263,65.75,42,72.75,Almost Ready
S0005,MECH,50,64,53,33,2,2,200,50.0,33,56.0,Not Ready
S0006,MECH,79,75,72,68,4,8,294,73.5,68,89.5,Not Ready
S0007,CSE,86,83,32,70,4,1,271,67.75,32,76.75,Not Ready
S0008,MECH,41,38,40,42,0,0,161,40.25,38,40.25,Not Ready
S0009,ECE,52,44,70,40,3,2,206,51.5,40,59.5,Not Ready
S0010,MECH,65,37,72,63,5,2,237,59.25,37,71.25,Almost Ready
S0011,IT,86,58,53,41,1,3,238,59.5,41,64.5,Almost Ready
S0012,MECH,17,37,25,0,3,0,79,19.75,0,25.75,Not Ready
S0013,CSE,46,40,56,23,1,2,165,41.25,23,45.25,Not Ready
S0014,ECE,66,65,61,75,3,7,267,66.75,61,79.75,Not Ready
S0015,CSE,72,95,74,59,4,1,300,75.0,59,84.0,Not Ready
S0016,IT,70,82,73,34,1,6,259,64.75,34,72.75,Almost Ready
S0017,CSE,84,61,70,50,3,3,265,66.25,50,75.25,Not Ready
S0018,MECH,49,30,23,5,4,3,107,26.75,5,37.75,Not Ready
S0019,MECH,54,58,61,33,2,2,206,51.5,33,57.5,Not Ready
S0020,IT,91,61,71,79,2,5,302,75.5,61,84.5,Not Ready
S0021,CSE,67,56,54,20,1,2,197,49.25,20,53.25,Not Ready
S0022,CSE,100,96,100,66,4,3,362,90.5,66,100.0,Not Ready
S0023,IT,59,67,60,51,3,3,237,59.25,51,68.25,Almost Ready
S0024,CSE,65,54,45,45,2,4,209,52.25,45,60.25,Almost Ready
S0025,IT,98,90,76,65,5,4,329,82.25,65,96.25,Not Ready
S0026,CSE,50,56,34,40,1,4,180,45.0,34,51.0,Not Ready
S0027,IT,90,92,64,50,3,4,296,74.0,50,84.0,Not Ready
S0028,MECH,44,63,78,66,4,2,251,62.75,44,72.75,Almost Ready
S0029,IT,31,32,34,7,1,2,104,26.0,7,30.0,Not Ready
S0030,IT,83,48,50,43,3,4,224,56.0,43,66.0,Almost Ready
S0031,CSE,48,56,56,42,0,2,202,50.5,42,52.5,Not Ready
S0032,CSE,78,61,61,33,3,4,233,58.25,33,68.25,Almost Ready
S0033,ECE,63,51,48,63,0,2,225,56.25,48,58.25,Not Ready
S0034,MECH,81,73,83,69,2,6,306,76.5,69,86.5,Not Ready
S0035,ECE,31,17,0,0,0,3,48,12.0,0,15.0,Not Ready
S0036,CSE,88,56,68,51,3,2,263,65.75,51,73.75,Almost Ready
S0037,IT,82,86,72,62,3,8,302,75.5,62,89.5,Not Ready
S0038,CSE,46,30,26,34,2,3,136,34.0,26,41.0,Not Ready
S0039,IT,71,85,69,50,3,2,275,68.75,50,76.75,Not Ready
S0040,MECH,25,23,49,22,1,3,119,29.75,22,34.75,Not Ready
S0041,CSE,100,100,90,60,4,2,350,87.5,60,97.5,Not Ready
S0042,CSE,89,75,80,65,4,3,309,77.25,65,88.25,Not Ready
S0043,CSE,93,88,87,73,3,6,341,85.25,73,97.25,Not Ready
S0044,ECE,39,24,46,6,0,0,115,28.75,6,28.75,Not Ready
S0045,CSE,96,68,78,53,3,3,295,73.75,53,82.75,Not Ready
S0046,IT,54,18,44,29,1,1,145,36.25,18,39.25,Not Ready
S0047,IT,54,68,19,20,0,4,161,40.25,19,44.25,Not Ready
S0048,MECH,45,64,61,59,3,3,229,57.25,45,66.25,Almost Ready
S0049,CSE,64,60,74,56,2,2,254,63.5,56,69.5,Almost Ready
S0050,ECE,100,67,85,43,4,4,295,73.75,43,85.75,Not Ready
S0051,CSE,39,53,50,28,2,8,170,42.5,28,54.5,Not Ready
S0052,IT,70,52,49,45,4,4,216,54.0,45,66.0,Almost Ready
S0053,ECE,55,53,63,31,2,0,202,50.5,31,54.5,Not Ready
S0054,CSE,55,48,46,44,0,4,193,48.25,44,52.25,Not Ready
S0055,ECE,29,51,51,53,1,4,184,46.0,29,52.0,Not Ready
S0056,MECH,76,72,69,72,3,2,289,72.25,69,80.25,Not Ready
S0057,CSE,58,55,55,41,2,2,209,52.25,41,58.25,Not Ready
S0058,CSE,55,17,61,20,3,4,153,38.25,17,48.25,Not Ready
S0059,IT,57,65,48,42,1,6,212,53.0,42,61.0,Almost Ready
S0060,ECE,17,24,23,0,0,0,64,16.0,0,16.0,Not Ready
S0061,CSE,66,67,71,26,2,11,230,57.5,26,72.5,Almost Ready
S0062,CSE,65,79,56,40,3,6,240,60.0,40,72.0,Almost Ready
S0063,CSE,35,35,48,2,1,4,120,30.0,2,36.0,Not Ready
S0064,ECE,61,65,65,27,4,3,218,54.5,27,65.5,Almost Ready
S0065,ECE,80,55,69,44,4,5,248,62.0,44,75.0,Not Ready
S0066,MECH,48,46,33,41,2,3,168,42.0,33,49.0,Not Ready
S0067,MECH,54,28,49,14,0,2,145,36.25,14,38.25,Not Ready
S0068,IT,74,81,84,58,2,7,297,74.25,58,85.25,Not Ready
S0069,ECE,35,52,59,60,1,0,206,51.5,35,53.5,Not Ready
S0070,ECE,14,26,39,0,3,3,79,19.75,0,28.75,Not Ready
S0071,IT,79,94,70,93,4,5,336,84.0,70,97.0,Not Ready
S0072,CSE,70,51,64,19,3,8,204,51.0,19,65.0,Almost Ready
S0073,CSE,58,54,55,32,2,5,199,49.75,32,58.75,Not Ready
S0074,MECH,68,69,76,37,5,3,250,62.5,37,75.5,Not Ready
S0075,ECE,75,67,98,61,4,5,301,75.25,61,88.25,Not Ready
S0076,IT,68,55,62,54,3,2,239,59.75,54,67.75,Almost Ready
S0077,MECH,86,84,69,64,3,4,303,75.75,64,85.75,Not Ready
S0078,CSE,41,38,20,27,2,0,126,31.5,20,35.5,Not Ready
S0079,CSE,61,56,66,36,2,1,219,54.75,36,59.75,Not Ready
S0080,CSE,67,62,37,52,2,3,218,54.5,37,61.5,Almost Ready
S0081,ECE,54,67,69,54,3,0,244,61.0,54,67.0,Almost Ready
S0082,CSE,54,39,39,27,3,3,159,39.75,27,48.75,Not Ready
S0083,MECH,45,38,68,20,3,5,171,42.75,20,53.75,Not Ready
S0084,ECE,52,76,77,29,3,3,234,58.5,29,67.5,Almost Ready
S0085,CSE,52,75,41,21,1,1,189,47.25,21,50.25,Not Ready
S0086,CSE,86,97,67,40,3,4,290,72.5,40,82.5,Not Ready
S0087,CSE,61,53,40,57,3,2,211,52.75,40,60.75,Almost Ready
S0088,ECE,98,89,100,73,3,8,360,90.0,73,100.0,Not Ready
S0089,CSE,82,57,66,37,2,4,242,60.5,37,68.5,Almost Ready
S0090,MECH,82,92,65,42,3,3,281,70.25,42,79.25,Not Ready
S0091,CSE,62,45,50,46,2,4,203,50.75,45,58.75,Not Ready
S0092,ECE,67,65,64,78,1,4,274,68.5,64,74.5,Not Ready
S0093,ECE,29,28,51,59,0,1,167,41.75,28,42.75,Not Ready
S0094,CSE,90,86,88,59,4,6,323,80.75,59,94.75,Not Ready
S0095,CSE,49,34,32,10,1,0,125,31.25,10,33.25,Not Ready
S0096,CSE,51,55,49,27,4,3,182,45.5,27,56.5,Not Ready
S0097,CSE,42,52,20,45,2,4,159,39.75,20,47.75,Not Ready
S0098,IT,59,57,62,60,4,5,238,59.5,57,72.5,Almost Ready
S0099,CSE,80,80,60,50,4,4,270,67.5,50,79.5,Not Ready
S0100,CSE,77,68,71,42,2,3,258,64.5,42,71.5,Almost Ready
S0101,ECE,68,51,44,38,2,0,201,50.25,38,54.25,Not Ready
S0102,CSE,78,52,39,75,4,4,244,61.0,39,73.0,Almost Ready
S0103,IT,80,90,86,55,4,6,311,77.75,55,91.75,Not Ready
S0104,IT,54,42,70,40,2,1,206,51.5,40,56.5,Not Ready
S0105,MECH,55,59,61,57,0,0,232,58.0,55,58.0,Not Ready
S0106,IT,63,79,71,57,4,2,270,67.5,57,77.5,Not Ready
S0107,ECE,67,54,85,43,5,2,249,62.25,43,74.25,Not Ready
S0108,IT,94,82,71,35,1,5,282,70.5,35,77.5,Not Ready
S0109,IT,49,70,44,44,3,4,207,51.75,44,61.75,Almost Ready
S0110,ECE,83,75,99,100,4,4,357,89.25,75,100.0,Not Ready
S0111,MECH,70,59,81,64,2,4,274,68.5,59,76.5,Not Ready
S0112,IT,67,70,51,33,3,0,221,55.25,33,61.25,Almost Ready
S0113,ECE,89,74,70,58,3,4,291,72.75,58,82.75,Not Ready
S0114,CSE,76,73,93,58,4,4,300,75.0,58,87.0,Not Ready
S0115,IT,79,68,77,75,1,7,299,74.75,68,83.75,Not Ready
S0116,IT,76,47,66,17,4,2,206,51.5,17,61.5,Almost Ready
S0117,ECE,83,100,100,74,3,9,357,89.25,74,100.0,Not Ready
S0118,ECE,65,62,72,73,4,1,272,68.0,62,77.0,Not Ready
S0119,CSE,34,29,50,15,1,0,128,32.0,15,34.0,Not Ready
S0120,IT,89,67,72,21,3,3,249,62.25,21,71.25,Almost Ready
