Student_ID,Branch,Python_Score,SQL_Score,Aptitude_Score,Communication_Score,Projects_Completed,Mock_Interviews_Attended
S0001,ECE,56,44,74,41,5,3
S0002,CSE,57,40,43,32,2,2
S0003,ECE,77,70,80,52,3,4
S0004,ECE,60,82,79,42,2,3
S0005,MECH,50,64,53,33,2,2
S0006,MECH,79,75,72,68,4,8
S0007,CSE,86,83,32,70,4,1
S0008,MECH,41,38,40,42,0,0
S0009,ECE,52,44,70,40,3,2
S0010,MECH,65,37,72,63,5,2
S0011,IT,86,58,53,41,1,3
S0012,MECH,17,37,25,0,3,0
S0013,CSE,46,40,56,23,1,2
S0014,ECE,66,65,61,75,3,7
S0015,CSE,72,95,74,59,4,1
S0016,IT,70,82,73,34,1,6
S0017,CSE,84,61,70,50,3,3
S0018,MECH,49,30,23,5,4,3
S0019,MECH,54,58,61,33,2,2
S0020,IT,91,61,71,79,2,5
S0021,CSE,67,56,54,20,1,2
S0022,CSE,100,96,100,66,4,3
S0023,IT,59,67,60,51,3,3
S0024,CSE,65,54,45,45,2,4
S0025,IT,98,90,76,65,5,4
S0026,CSE,50,56,34,40,1,4
S0027,IT,90,92,64,50,3,4
S0028,MECH,44,63,78,66,4,2
S0029,IT,31,32,34,7,1,2
S0030,IT,83,48,50,43,3,4
S0031,CSE,48,56,56,42,0,2
S0032,CSE,78,61,61,33,3,4
S0033,ECE,63,51,48,63,0,2
S0034,MECH,81,73,83,69,2,6
S0035,ECE,31,17,0,0,0,3
S0036,CSE,88,56,68,51,3,2
S0037,IT,82,86,72,62,3,8
S0038,CSE,46,30,26,34,2,3
S0039,IT,71,85,69,50,3,2
S0040,MECH,25,23,49,22,1,3
S0041,CSE,100,100,90,60,4,2
S0042,CSE,89,75,80,65,4,3
S0043,CSE,93,88,87,73,3,6
S0044,ECE,39,24,46,6,0,0
S0045,CSE,96,68,78,53,3,3
S0046,IT,54,18,44,29,1,1
S0047,IT,54,68,19,20,0,4
S0048,MECH,45,64,61,59,3,3
S0049,CSE,64,60,74,56,2,2
S0050,ECE,100,67,85,43,4,4
S0051,CSE,39,53,50,28,2,8
S0052,IT,70,52,49,45,4,4
S0053,ECE,55,53,63,31,2,0
S0054,CSE,55,48,46,44,0,4
S0055,ECE,29,51,51,53,1,4
S0056,MECH,76,72,69,72,3,2
S0057,CSE,58,55,55,41,2,2
S0058,CSE,55,17,61,20,3,4
S0059,IT,57,65,48,42,1,6
S0060,ECE,17,24,23,0,0,0
S0061,CSE,66,67,71,26,2,11
S0062,CSE,65,79,56,40,3,6
S0063,CSE,35,35,48,2,1,4
S0064,ECE,61,65,65,27,4,3
S0065,ECE,80,55,69,44,4,5
S0066,MECH,48,46,33,41,2,3
S0067,MECH,54,28,49,14,0,2
S0068,IT,74,81,84,58,2,7
S0069,ECE,35,52,59,60,1,0
S0070,ECE,14,26,39,0,3,3
S0071,IT,79,94,70,93,4,5
S0072,CSE,70,51,64,19,3,8
S0073,CSE,58,54,55,32,2,5
S0074,MECH,68,69,76,37,5,3
S0075,ECE,75,67,98,61,4,5
S0076,IT,68,55,62,54,3,2
S0077,MECH,86,84,69,64,3,4
S0078,CSE,41,38,20,27,2,0
S0079,CSE,61,56,66,36,2,1
S0080,CSE,67,62,37,52,2,3
S0081,ECE,54,67,69,54,3,0
S0082,CSE,54,39,39,27,3,3
S0083,MECH,45,38,68,20,3,5
S0084,ECE,52,76,77,29,3,3
S0085,CSE,52,75,41,21,1,1
S0086,CSE,86,97,67,40,3,4
S0087,CSE,61,53,40,57,3,2
S0088,ECE,98,89,100,73,3,8
S0089,CSE,82,57,66,37,2,4
S0090,MECH,82,92,65,42,3,3
S0091,CSE,62,45,50,46,2,4
S0092,ECE,67,65,64,78,1,4
S0093,ECE,29,28,51,59,0,1
S0094,CSE,90,86,88,59,4,6
S0095,CSE,49,34,32,10,1,0
S0096,CSE,51,55,49,27,4,3
S0097,CSE,42,52,20,45,2,4
S0098,IT,59,57,62,60,4,5
S0099,CSE,80,80,60,50,4,4
S0100,CSE,77,68,71,42,2,3
S0101,ECE,68,51,44,38,2,0
S0102,CSE,78,52,39,75,4,4
S0103,IT,80,90,86,55,4,6
S0104,IT,54,42,70,40,2,1
S0105,MECH,55,59,61,57,0,0
S0106,IT,63,79,71,57,4,2
S0107,ECE,67,54,85,43,5,2
S0108,IT,94,82,71,35,1,5
S0109,IT,49,70,44,44,3,4
S0110,ECE,83,75,99,100,4,4
S0111,MECH,70,59,81,64,2,4
S0112,IT,67,70,51,33,3,0
S0113,ECE,89,74,70,58,3,4
S0114,CSE,76,73,93,58,4,4
S0115,IT,79,68,77,75,1,7
S0116,IT,76,47,66,17,4,2
S0117,ECE,83,100,100,74,3,9
S0118,ECE,65,62,72,73,4,1
S0119,CSE,34,29,50,15,1,0
S0120,IT,89,67,72,21,3,3
